Age,Attrition,DailyRate,DistanceFromHome,Education,EnvironmentSatisfaction,HourlyRate,JobInvolvement,JobLevel,JobSatisfaction,MonthlyIncome,MonthlyRate,NumCompaniesWorked,PercentSalaryHike,PerformanceRating,RelationshipSatisfaction,StockOptionLevel,TotalWorkingYears,TrainingTimesLastYear,WorkLifeBalance,YearsAtCompany,YearsInCurrentRole,YearsSinceLastPromotion,YearsWithCurrManager,BusinessTravel_Travel_Frequently,BusinessTravel_Travel_Rarely,Department_Research & Development,Department_Sales,EducationField_Life Sciences,EducationField_Marketing,EducationField_Medical,EducationField_Other,EducationField_Technical Degree,Gender_Male,JobRole_Human Resources,JobRole_Laboratory Technician,JobRole_Manager,JobRole_Manufacturing Director,JobRole_Research Director,JobRole_Research Scientist,JobRole_Sales Executive,JobRole_Sales Representative,MaritalStatus_Married,MaritalStatus_Single,OverTime_Yes,RoleStability,WorkLife_JobSatisfaction,Overtime_JobSatisfaction
41,1,1102,1,2,2,94,3,2,4,5993,19479,8,11,3,1,0,8,0,1,6,4,0,5,FALSE,TRUE,FALSE,TRUE,TRUE,FALSE,FALSE,FALSE,FALSE,FALSE,FALSE,FALSE,FALSE,FALSE,FALSE,FALSE,TRUE,FALSE,FALSE,TRUE,TRUE,0.444444444,4,4
49,0,279,8,1,3,61,2,2,2,5130,24907,1,23,4,4,1,10,3,3,10,7,1,7,TRUE,FALSE,TRUE,FALSE,TRUE,FALSE,FALSE,FALSE,FALSE,TRUE,FALSE,FALSE,FALSE,FALSE,FALSE,TRUE,FALSE,FALSE,TRUE,FALSE,FALSE,0.636363636,6,0
37,1,1373,2,2,4,92,2,1,3,2090,2396,6,15,3,2,0,7,3,3,0,0,0,0,FALSE,TRUE,TRUE,FALSE,FALSE,FALSE,FALSE,TRUE,FALSE,TRUE,FALSE,TRUE,FALSE,FALSE,FALSE,FALSE,FALSE,FALSE,FALSE,TRUE,TRUE,0,9,3
33,0,1392,3,4,4,56,3,1,3,2909,23159,1,11,3,3,0,8,3,3,8,7,3,0,TRUE,FALSE,TRUE,FALSE,TRUE,FALSE,FALSE,FALSE,FALSE,FALSE,FALSE,FALSE,FALSE,FALSE,FALSE,TRUE,FALSE,FALSE,TRUE,FALSE,TRUE,0.777777778,9,3
27,0,591,2,1,1,40,3,1,2,3468,16632,9,12,3,4,1,6,3,3,2,2,2,2,FALSE,TRUE,TRUE,FALSE,FALSE,FALSE,TRUE,FALSE,FALSE,TRUE,FALSE,TRUE,FALSE,FALSE,FALSE,FALSE,FALSE,FALSE,TRUE,FALSE,FALSE,0.285714286,6,0
32,0,1005,2,2,4,79,3,1,4,3068,11864,0,13,3,3,0,8,2,2,7,7,3,6,TRUE,FALSE,TRUE,FALSE,TRUE,FALSE,FALSE,FALSE,FALSE,TRUE,FALSE,TRUE,FALSE,FALSE,FALSE,FALSE,FALSE,FALSE,FALSE,TRUE,FALSE,0.777777778,8,0
59,0,1324,3,3,3,81,4,1,1,2670,9964,4,20,4,1,3,12,3,2,1,0,0,0,FALSE,TRUE,TRUE,FALSE,FALSE,FALSE,TRUE,FALSE,FALSE,FALSE,FALSE,TRUE,FALSE,FALSE,FALSE,FALSE,FALSE,FALSE,TRUE,FALSE,TRUE,0,2,1
30,0,1358,24,1,4,67,3,1,3,2693,13335,1,22,4,2,1,1,2,3,1,0,0,0,FALSE,TRUE,TRUE,FALSE,TRUE,FALSE,FALSE,FALSE,FALSE,TRUE,FALSE,TRUE,FALSE,FALSE,FALSE,FALSE,FALSE,FALSE,FALSE,FALSE,FALSE,0,9,0
38,0,216,23,3,4,44,2,3,3,9526,8787,0,21,4,2,0,10,2,3,9,7,1,8,TRUE,FALSE,TRUE,FALSE,TRUE,FALSE,FALSE,FALSE,FALSE,TRUE,FALSE,FALSE,FALSE,TRUE,FALSE,FALSE,FALSE,FALSE,FALSE,TRUE,FALSE,0.636363636,9,0
36,0,1299,27,3,3,94,3,2,3,5237,16577,6,13,3,2,2,17,3,2,7,7,7,7,FALSE,TRUE,TRUE,FALSE,FALSE,FALSE,TRUE,FALSE,FALSE,TRUE,FALSE,FALSE,FALSE,FALSE,FALSE,FALSE,FALSE,FALSE,TRUE,FALSE,FALSE,0.388888889,6,0
35,0,809,16,3,1,84,4,1,2,2426,16479,0,13,3,3,1,6,5,3,5,4,0,3,FALSE,TRUE,TRUE,FALSE,FALSE,FALSE,TRUE,FALSE,FALSE,TRUE,FALSE,TRUE,FALSE,FALSE,FALSE,FALSE,FALSE,FALSE,TRUE,FALSE,FALSE,0.571428571,6,0
29,0,153,15,2,4,49,2,2,3,4193,12682,0,12,3,4,0,10,3,3,9,5,0,8,FALSE,TRUE,TRUE,FALSE,TRUE,FALSE,FALSE,FALSE,FALSE,FALSE,FALSE,TRUE,FALSE,FALSE,FALSE,FALSE,FALSE,FALSE,FALSE,TRUE,TRUE,0.454545455,9,3
31,0,670,26,1,1,31,3,1,3,2911,15170,1,17,3,4,1,5,1,2,5,2,4,3,FALSE,TRUE,TRUE,FALSE,TRUE,FALSE,FALSE,FALSE,FALSE,TRUE,FALSE,FALSE,FALSE,FALSE,FALSE,TRUE,FALSE,FALSE,FALSE,FALSE,FALSE,0.333333333,6,0
34,0,1346,19,2,2,93,3,1,4,2661,8758,0,11,3,3,1,3,2,3,2,2,1,2,FALSE,TRUE,TRUE,FALSE,FALSE,FALSE,TRUE,FALSE,FALSE,TRUE,FALSE,TRUE,FALSE,FALSE,FALSE,FALSE,FALSE,FALSE,FALSE,FALSE,FALSE,0.5,12,0
28,1,103,24,3,3,50,2,1,3,2028,12947,5,14,3,2,0,6,4,3,4,2,0,3,FALSE,TRUE,TRUE,FALSE,TRUE,FALSE,FALSE,FALSE,FALSE,TRUE,FALSE,TRUE,FALSE,FALSE,FALSE,FALSE,FALSE,FALSE,FALSE,TRUE,TRUE,0.285714286,9,3
29,0,1389,21,4,2,51,4,3,1,9980,10195,1,11,3,3,1,10,1,3,10,9,8,8,FALSE,TRUE,TRUE,FALSE,TRUE,FALSE,FALSE,FALSE,FALSE,FALSE,FALSE,FALSE,FALSE,TRUE,FALSE,FALSE,FALSE,FALSE,FALSE,FALSE,FALSE,0.818181818,3,0
32,0,334,5,2,1,80,4,1,2,3298,15053,0,12,3,4,2,7,5,2,6,2,0,5,FALSE,TRUE,TRUE,FALSE,TRUE,FALSE,FALSE,FALSE,FALSE,TRUE,FALSE,FALSE,FALSE,FALSE,FALSE,TRUE,FALSE,FALSE,FALSE,FALSE,TRUE,0.25,4,2
22,0,1123,16,2,4,96,4,1,4,2935,7324,1,13,3,2,2,1,2,2,1,0,0,0,FALSE,FALSE,TRUE,FALSE,FALSE,FALSE,TRUE,FALSE,FALSE,TRUE,FALSE,TRUE,FALSE,FALSE,FALSE,FALSE,FALSE,FALSE,FALSE,FALSE,TRUE,0,8,4
53,0,1219,2,4,1,78,2,4,4,15427,22021,2,16,3,3,0,31,3,3,25,8,3,7,FALSE,TRUE,FALSE,TRUE,TRUE,FALSE,FALSE,FALSE,FALSE,FALSE,FALSE,FALSE,TRUE,FALSE,FALSE,FALSE,FALSE,FALSE,TRUE,FALSE,FALSE,0.25,12,0
38,0,371,2,3,4,45,3,1,4,3944,4306,5,11,3,3,0,6,3,3,3,2,1,2,FALSE,TRUE,TRUE,FALSE,TRUE,FALSE,FALSE,FALSE,FALSE,TRUE,FALSE,FALSE,FALSE,FALSE,FALSE,TRUE,FALSE,FALSE,FALSE,TRUE,TRUE,0.285714286,12,4
24,0,673,11,2,1,96,4,2,3,4011,8232,0,18,3,4,1,5,5,2,4,2,1,3,FALSE,FALSE,TRUE,FALSE,FALSE,FALSE,FALSE,TRUE,FALSE,FALSE,FALSE,FALSE,FALSE,TRUE,FALSE,FALSE,FALSE,FALSE,FALSE,FALSE,FALSE,0.333333333,6,0
36,1,1218,9,4,3,82,2,1,1,3407,6986,7,23,4,2,0,10,4,3,5,3,0,3,FALSE,TRUE,FALSE,TRUE,TRUE,FALSE,FALSE,FALSE,FALSE,TRUE,FALSE,FALSE,FALSE,FALSE,FALSE,FALSE,FALSE,TRUE,FALSE,TRUE,FALSE,0.272727273,3,0
34,0,419,7,4,1,53,3,3,2,11994,21293,0,11,3,3,0,13,4,3,12,6,2,11,FALSE,TRUE,TRUE,FALSE,TRUE,FALSE,FALSE,FALSE,FALSE,FALSE,FALSE,FALSE,FALSE,FALSE,TRUE,FALSE,FALSE,FALSE,FALSE,TRUE,FALSE,0.428571429,6,0
21,0,391,15,2,3,96,3,1,4,1232,19281,1,14,3,4,0,0,6,3,0,0,0,0,FALSE,TRUE,TRUE,FALSE,TRUE,FALSE,FALSE,FALSE,FALSE,TRUE,FALSE,FALSE,FALSE,FALSE,FALSE,TRUE,FALSE,FALSE,FALSE,TRUE,FALSE,0,12,0
34,1,699,6,1,2,83,3,1,1,2960,17102,2,11,3,3,0,8,2,3,4,2,1,3,FALSE,TRUE,TRUE,FALSE,FALSE,FALSE,TRUE,FALSE,FALSE,TRUE,FALSE,FALSE,FALSE,FALSE,FALSE,TRUE,FALSE,FALSE,FALSE,TRUE,FALSE,0.222222222,3,0
53,0,1282,5,3,3,58,3,5,3,19094,10735,4,11,3,4,1,26,3,2,14,13,4,8,FALSE,TRUE,TRUE,FALSE,FALSE,FALSE,FALSE,TRUE,FALSE,FALSE,FALSE,FALSE,TRUE,FALSE,FALSE,FALSE,FALSE,FALSE,FALSE,FALSE,FALSE,0.481481481,6,0
32,1,1125,16,1,2,72,1,1,1,3919,4681,1,22,4,2,0,10,5,3,10,2,6,7,TRUE,FALSE,TRUE,FALSE,TRUE,FALSE,FALSE,FALSE,FALSE,FALSE,FALSE,FALSE,FALSE,FALSE,FALSE,TRUE,FALSE,FALSE,FALSE,TRUE,TRUE,0.181818182,3,1
42,0,691,8,4,3,48,3,2,2,6825,21173,0,11,3,4,1,10,2,3,9,7,4,2,FALSE,TRUE,FALSE,TRUE,FALSE,TRUE,FALSE,FALSE,FALSE,TRUE,FALSE,FALSE,FALSE,FALSE,FALSE,FALSE,TRUE,FALSE,TRUE,FALSE,FALSE,0.636363636,6,0
44,0,477,7,4,1,42,2,3,4,10248,2094,3,14,3,4,1,24,4,3,22,6,5,17,FALSE,TRUE,TRUE,FALSE,FALSE,FALSE,TRUE,FALSE,FALSE,FALSE,FALSE,FALSE,FALSE,FALSE,FALSE,FALSE,FALSE,FALSE,TRUE,FALSE,FALSE,0.24,12,0
46,0,705,2,4,2,83,3,5,1,18947,22822,3,12,3,4,0,22,2,2,2,2,2,1,FALSE,TRUE,FALSE,TRUE,FALSE,TRUE,FALSE,FALSE,FALSE,FALSE,FALSE,FALSE,TRUE,FALSE,FALSE,FALSE,FALSE,FALSE,FALSE,TRUE,FALSE,0.086956522,2,0
33,0,924,2,3,3,78,3,1,4,2496,6670,4,11,3,4,0,7,3,3,1,1,0,0,FALSE,TRUE,TRUE,FALSE,FALSE,FALSE,TRUE,FALSE,FALSE,TRUE,FALSE,TRUE,FALSE,FALSE,FALSE,FALSE,FALSE,FALSE,FALSE,TRUE,FALSE,0.125,12,0
44,0,1459,10,4,4,41,3,2,4,6465,19121,2,13,3,4,0,9,5,4,4,2,1,3,FALSE,TRUE,TRUE,FALSE,FALSE,FALSE,FALSE,TRUE,FALSE,TRUE,FALSE,FALSE,FALSE,FALSE,FALSE,FALSE,FALSE,FALSE,TRUE,FALSE,TRUE,0.2,16,4
30,0,125,9,2,4,83,2,1,3,2206,16117,1,13,3,1,0,10,5,3,10,0,1,8,FALSE,TRUE,TRUE,FALSE,FALSE,FALSE,TRUE,FALSE,FALSE,TRUE,FALSE,TRUE,FALSE,FALSE,FALSE,FALSE,FALSE,FALSE,FALSE,TRUE,FALSE,0,9,0
39,1,895,5,3,4,56,3,2,4,2086,3335,3,14,3,3,1,19,6,4,1,0,0,0,FALSE,TRUE,FALSE,TRUE,FALSE,FALSE,FALSE,FALSE,TRUE,TRUE,FALSE,FALSE,FALSE,FALSE,FALSE,FALSE,FALSE,TRUE,TRUE,FALSE,FALSE,0,16,0
24,1,813,1,3,2,61,3,1,4,2293,3020,2,16,3,1,1,6,2,2,2,0,2,0,FALSE,TRUE,TRUE,FALSE,FALSE,FALSE,TRUE,FALSE,FALSE,TRUE,FALSE,FALSE,FALSE,FALSE,FALSE,TRUE,FALSE,FALSE,TRUE,FALSE,TRUE,0,8,4
43,0,1273,2,2,4,72,4,1,3,2645,21923,1,12,3,4,2,6,3,2,5,3,1,4,FALSE,TRUE,TRUE,FALSE,FALSE,FALSE,TRUE,FALSE,FALSE,FALSE,FALSE,FALSE,FALSE,FALSE,FALSE,TRUE,FALSE,FALSE,FALSE,FALSE,FALSE,0.428571429,6,0
50,1,869,3,2,1,86,2,1,3,2683,3810,1,14,3,3,0,3,2,3,3,2,0,2,FALSE,TRUE,FALSE,TRUE,FALSE,TRUE,FALSE,FALSE,FALSE,TRUE,FALSE,FALSE,FALSE,FALSE,FALSE,FALSE,FALSE,TRUE,TRUE,FALSE,TRUE,0.5,9,3
35,0,890,2,3,4,97,3,1,4,2014,9687,1,13,3,1,0,2,3,3,2,2,2,2,FALSE,TRUE,FALSE,TRUE,FALSE,TRUE,FALSE,FALSE,FALSE,FALSE,FALSE,FALSE,FALSE,FALSE,FALSE,FALSE,FALSE,TRUE,TRUE,FALSE,FALSE,0.666666667,12,0
36,0,852,5,4,2,82,2,1,1,3419,13072,9,14,3,4,1,6,3,4,1,1,0,0,FALSE,TRUE,TRUE,FALSE,TRUE,FALSE,FALSE,FALSE,FALSE,FALSE,FALSE,FALSE,FALSE,FALSE,FALSE,TRUE,FALSE,FALSE,TRUE,FALSE,TRUE,0.142857143,4,1
33,0,1141,1,3,3,42,4,2,1,5376,3193,2,19,3,1,2,10,3,3,5,3,1,3,TRUE,FALSE,FALSE,TRUE,TRUE,FALSE,FALSE,FALSE,FALSE,FALSE,FALSE,FALSE,FALSE,FALSE,FALSE,FALSE,TRUE,FALSE,TRUE,FALSE,FALSE,0.272727273,3,0
35,0,464,4,2,3,75,3,1,4,1951,10910,1,12,3,3,1,1,3,3,1,0,0,0,FALSE,TRUE,TRUE,FALSE,FALSE,FALSE,FALSE,TRUE,FALSE,TRUE,FALSE,TRUE,FALSE,FALSE,FALSE,FALSE,FALSE,FALSE,FALSE,FALSE,FALSE,0,12,0
27,0,1240,2,4,4,33,3,1,1,2341,19715,1,13,3,4,1,1,6,3,1,0,0,0,FALSE,TRUE,TRUE,FALSE,TRUE,FALSE,FALSE,FALSE,FALSE,FALSE,FALSE,TRUE,FALSE,FALSE,FALSE,FALSE,FALSE,FALSE,FALSE,FALSE,FALSE,0,3,0
26,1,1357,25,3,1,48,1,1,3,2293,10558,1,12,3,3,0,1,2,2,1,0,0,1,FALSE,TRUE,TRUE,FALSE,TRUE,FALSE,FALSE,FALSE,FALSE,TRUE,FALSE,TRUE,FALSE,FALSE,FALSE,FALSE,FALSE,FALSE,FALSE,TRUE,FALSE,0,6,0
27,0,994,8,3,4,37,3,3,3,8726,2975,1,15,3,4,0,9,0,3,9,8,1,7,TRUE,FALSE,FALSE,TRUE,TRUE,FALSE,FALSE,FALSE,FALSE,TRUE,FALSE,FALSE,FALSE,FALSE,FALSE,FALSE,TRUE,FALSE,FALSE,TRUE,FALSE,0.8,9,0
30,0,721,1,2,3,58,3,2,4,4011,10781,1,23,4,4,0,12,2,3,12,8,3,7,TRUE,FALSE,TRUE,FALSE,FALSE,FALSE,TRUE,FALSE,FALSE,FALSE,FALSE,TRUE,FALSE,FALSE,FALSE,FALSE,FALSE,FALSE,FALSE,TRUE,FALSE,0.615384615,12,0
41,1,1360,12,3,2,49,3,5,3,19545,16280,1,12,3,4,0,23,0,3,22,15,15,8,FALSE,TRUE,TRUE,FALSE,FALSE,FALSE,FALSE,FALSE,TRUE,FALSE,FALSE,FALSE,FALSE,FALSE,TRUE,FALSE,FALSE,FALSE,TRUE,FALSE,FALSE,0.625,9,0
34,0,1065,23,4,2,72,3,2,3,4568,10034,0,20,4,3,0,10,2,3,9,5,8,7,FALSE,FALSE,FALSE,TRUE,FALSE,TRUE,FALSE,FALSE,FALSE,TRUE,FALSE,FALSE,FALSE,FALSE,FALSE,FALSE,TRUE,FALSE,FALSE,TRUE,FALSE,0.454545455,9,0
37,0,408,19,2,2,73,3,1,2,3022,10227,4,21,4,1,0,8,1,3,1,0,0,0,FALSE,TRUE,TRUE,FALSE,TRUE,FALSE,FALSE,FALSE,FALSE,TRUE,FALSE,FALSE,FALSE,FALSE,FALSE,TRUE,FALSE,FALSE,TRUE,FALSE,FALSE,0,6,0
46,0,1211,5,4,1,98,3,2,4,5772,20445,4,21,4,3,0,14,4,3,9,6,0,8,TRUE,FALSE,FALSE,TRUE,FALSE,TRUE,FALSE,FALSE,FALSE,TRUE,FALSE,FALSE,FALSE,FALSE,FALSE,FALSE,TRUE,FALSE,FALSE,TRUE,TRUE,0.4,12,4
35,0,1229,8,1,4,36,4,1,4,2269,4892,1,19,3,4,0,1,2,3,1,0,0,1,FALSE,TRUE,TRUE,FALSE,TRUE,FALSE,FALSE,FALSE,FALSE,TRUE,FALSE,TRUE,FALSE,FALSE,FALSE,FALSE,FALSE,FALSE,TRUE,FALSE,FALSE,0,12,0
48,1,626,1,2,1,98,2,3,3,5381,19294,9,13,3,4,0,23,2,3,1,0,0,0,FALSE,TRUE,TRUE,FALSE,TRUE,FALSE,FALSE,FALSE,FALSE,TRUE,FALSE,TRUE,FALSE,FALSE,FALSE,FALSE,FALSE,FALSE,FALSE,TRUE,TRUE,0,9,3
28,1,1434,5,4,3,50,3,1,3,3441,11179,1,13,3,3,0,2,3,2,2,2,2,2,FALSE,TRUE,TRUE,FALSE,FALSE,FALSE,FALSE,FALSE,TRUE,TRUE,FALSE,TRUE,FALSE,FALSE,FALSE,FALSE,FALSE,FALSE,FALSE,TRUE,TRUE,0.666666667,6,3
44,0,1488,1,5,2,75,3,2,1,5454,4009,5,21,4,3,1,9,2,2,4,3,1,3,FALSE,TRUE,FALSE,TRUE,FALSE,TRUE,FALSE,FALSE,FALSE,FALSE,FALSE,FALSE,FALSE,FALSE,FALSE,FALSE,TRUE,FALSE,FALSE,FALSE,TRUE,0.3,2,1
35,0,1097,11,2,3,79,2,3,1,9884,8302,2,13,3,3,1,10,3,3,4,0,2,3,FALSE,FALSE,TRUE,FALSE,FALSE,FALSE,TRUE,FALSE,FALSE,TRUE,FALSE,FALSE,FALSE,FALSE,FALSE,FALSE,FALSE,FALSE,TRUE,FALSE,TRUE,0,3,1
26,0,1443,23,3,3,47,2,2,4,4157,21436,7,19,3,3,1,5,2,2,2,2,0,0,FALSE,TRUE,FALSE,TRUE,FALSE,TRUE,FALSE,FALSE,FALSE,FALSE,FALSE,FALSE,FALSE,FALSE,FALSE,FALSE,TRUE,FALSE,TRUE,FALSE,TRUE,0.333333333,8,4
33,0,515,1,2,1,98,3,3,4,13458,15146,1,12,3,3,0,15,1,3,15,14,8,12,TRUE,FALSE,TRUE,FALSE,TRUE,FALSE,FALSE,FALSE,FALSE,FALSE,FALSE,FALSE,FALSE,FALSE,TRUE,FALSE,FALSE,FALSE,FALSE,TRUE,TRUE,0.875,12,4
35,0,853,18,5,2,71,3,3,1,9069,11031,1,22,4,4,1,9,3,2,9,8,1,8,TRUE,FALSE,FALSE,TRUE,TRUE,FALSE,FALSE,FALSE,FALSE,TRUE,FALSE,FALSE,FALSE,FALSE,FALSE,FALSE,TRUE,FALSE,TRUE,FALSE,FALSE,0.8,2,0
35,0,1142,23,4,3,30,3,1,1,4014,16002,3,15,3,3,1,4,3,3,2,2,2,2,FALSE,TRUE,TRUE,FALSE,FALSE,FALSE,TRUE,FALSE,FALSE,FALSE,FALSE,TRUE,FALSE,FALSE,FALSE,FALSE,FALSE,FALSE,TRUE,FALSE,TRUE,0.4,3,1
31,0,655,7,4,4,48,3,2,4,5915,9528,3,22,4,4,1,10,3,2,7,7,1,7,FALSE,TRUE,TRUE,FALSE,TRUE,FALSE,FALSE,FALSE,FALSE,TRUE,FALSE,TRUE,FALSE,FALSE,FALSE,FALSE,FALSE,FALSE,FALSE,FALSE,FALSE,0.636363636,8,0
37,0,1115,1,4,1,51,2,2,3,5993,2689,1,18,3,3,1,7,2,4,7,5,0,7,FALSE,TRUE,TRUE,FALSE,TRUE,FALSE,FALSE,FALSE,FALSE,TRUE,FALSE,FALSE,FALSE,TRUE,FALSE,FALSE,FALSE,FALSE,FALSE,FALSE,FALSE,0.625,12,0
32,0,427,1,3,1,33,3,2,4,6162,10877,1,22,4,2,1,9,3,3,9,8,7,8,FALSE,TRUE,TRUE,FALSE,FALSE,FALSE,TRUE,FALSE,FALSE,TRUE,FALSE,FALSE,FALSE,TRUE,FALSE,FALSE,FALSE,FALSE,TRUE,FALSE,TRUE,0.8,12,4
38,0,653,29,5,4,50,3,2,4,2406,5456,1,11,3,4,0,10,2,3,10,3,9,9,TRUE,FALSE,TRUE,FALSE,TRUE,FALSE,FALSE,FALSE,FALSE,FALSE,FALSE,TRUE,FALSE,FALSE,FALSE,FALSE,FALSE,FALSE,FALSE,TRUE,FALSE,0.272727273,12,0
50,0,989,7,2,2,43,2,5,3,18740,16701,5,12,3,4,1,29,2,2,27,3,13,8,FALSE,TRUE,TRUE,FALSE,FALSE,FALSE,TRUE,FALSE,FALSE,FALSE,FALSE,FALSE,FALSE,FALSE,TRUE,FALSE,FALSE,FALSE,FALSE,FALSE,TRUE,0.1,6,3
59,0,1435,25,3,1,99,3,3,1,7637,2354,7,11,3,4,0,28,3,2,21,16,7,9,FALSE,TRUE,FALSE,TRUE,TRUE,FALSE,FALSE,FALSE,FALSE,FALSE,FALSE,FALSE,FALSE,FALSE,FALSE,FALSE,TRUE,FALSE,FALSE,TRUE,FALSE,0.551724138,2,0
36,0,1223,8,3,3,59,3,3,3,10096,8202,1,13,3,2,3,17,2,3,17,14,12,8,FALSE,TRUE,TRUE,FALSE,FALSE,FALSE,FALSE,FALSE,TRUE,FALSE,FALSE,FALSE,FALSE,FALSE,FALSE,FALSE,FALSE,FALSE,FALSE,FALSE,FALSE,0.777777778,9,0
55,0,836,8,3,4,33,3,4,3,14756,19730,2,14,3,3,3,21,2,3,5,0,0,2,FALSE,TRUE,TRUE,FALSE,FALSE,FALSE,TRUE,FALSE,FALSE,FALSE,FALSE,FALSE,TRUE,FALSE,FALSE,FALSE,FALSE,FALSE,FALSE,FALSE,TRUE,0,9,3
36,0,1195,11,3,2,95,2,2,2,6499,22656,1,13,3,3,0,6,3,3,6,5,0,3,TRUE,FALSE,TRUE,FALSE,TRUE,FALSE,FALSE,FALSE,FALSE,TRUE,FALSE,FALSE,FALSE,TRUE,FALSE,FALSE,FALSE,FALSE,FALSE,TRUE,FALSE,0.714285714,6,0
45,0,1339,7,3,2,59,3,3,1,9724,18787,2,17,3,3,1,25,2,3,1,0,0,0,FALSE,TRUE,TRUE,FALSE,TRUE,FALSE,FALSE,FALSE,FALSE,TRUE,FALSE,FALSE,FALSE,FALSE,FALSE,TRUE,FALSE,FALSE,FALSE,FALSE,FALSE,0,3,0
35,0,664,1,3,2,79,3,1,1,2194,5868,4,13,3,4,1,5,2,2,3,2,1,2,TRUE,FALSE,TRUE,FALSE,FALSE,FALSE,TRUE,FALSE,FALSE,TRUE,FALSE,FALSE,FALSE,FALSE,FALSE,TRUE,FALSE,FALSE,TRUE,FALSE,FALSE,0.333333333,2,0
36,1,318,9,3,4,79,2,1,3,3388,21777,0,17,3,1,1,2,0,2,1,0,0,0,FALSE,TRUE,TRUE,FALSE,FALSE,FALSE,TRUE,FALSE,FALSE,TRUE,FALSE,FALSE,FALSE,FALSE,FALSE,TRUE,FALSE,FALSE,TRUE,FALSE,TRUE,0,6,3
59,0,1225,1,1,1,57,2,2,3,5473,24668,7,11,3,4,0,20,2,2,4,3,1,3,TRUE,FALSE,FALSE,TRUE,TRUE,FALSE,FALSE,FALSE,FALSE,FALSE,FALSE,FALSE,FALSE,FALSE,FALSE,FALSE,TRUE,FALSE,FALSE,TRUE,FALSE,0.142857143,6,0
29,0,1328,2,3,3,76,3,1,2,2703,4956,0,23,4,4,1,6,3,3,5,4,0,4,FALSE,TRUE,TRUE,FALSE,TRUE,FALSE,FALSE,FALSE,FALSE,TRUE,FALSE,FALSE,FALSE,FALSE,FALSE,TRUE,FALSE,FALSE,TRUE,FALSE,FALSE,0.571428571,6,0
31,0,1082,1,4,3,87,3,1,2,2501,18775,1,17,3,2,0,1,4,3,1,1,1,0,FALSE,TRUE,TRUE,FALSE,FALSE,FALSE,TRUE,FALSE,FALSE,TRUE,FALSE,FALSE,FALSE,FALSE,FALSE,TRUE,FALSE,FALSE,FALSE,TRUE,FALSE,0.5,6,0
32,0,548,1,3,2,66,3,2,2,6220,7346,1,17,3,2,2,10,3,3,10,4,0,9,FALSE,TRUE,TRUE,FALSE,TRUE,FALSE,FALSE,FALSE,FALSE,TRUE,FALSE,FALSE,FALSE,FALSE,FALSE,TRUE,FALSE,FALSE,TRUE,FALSE,FALSE,0.363636364,6,0
36,0,132,6,3,2,55,4,1,4,3038,22002,3,12,3,2,0,5,3,3,1,0,0,0,FALSE,TRUE,TRUE,FALSE,TRUE,FALSE,FALSE,FALSE,FALSE,FALSE,FALSE,TRUE,FALSE,FALSE,FALSE,FALSE,FALSE,FALSE,TRUE,FALSE,FALSE,0,12,0
31,0,746,8,4,3,61,3,2,4,4424,20682,1,23,4,4,0,11,2,3,11,7,1,8,FALSE,TRUE,TRUE,FALSE,TRUE,FALSE,FALSE,FALSE,FALSE,FALSE,FALSE,FALSE,FALSE,TRUE,FALSE,FALSE,FALSE,FALSE,FALSE,TRUE,FALSE,0.583333333,12,0
35,0,776,1,4,3,32,2,2,1,4312,23016,0,14,3,2,0,16,2,3,15,13,2,8,FALSE,TRUE,FALSE,TRUE,FALSE,TRUE,FALSE,FALSE,FALSE,TRUE,FALSE,FALSE,FALSE,FALSE,FALSE,FALSE,TRUE,FALSE,FALSE,TRUE,FALSE,0.764705882,3,0
45,0,193,6,4,4,52,3,3,1,13245,15067,4,14,3,2,0,17,3,4,0,0,0,0,FALSE,TRUE,TRUE,FALSE,FALSE,FALSE,FALSE,TRUE,FALSE,TRUE,FALSE,FALSE,FALSE,FALSE,TRUE,FALSE,FALSE,FALSE,TRUE,FALSE,TRUE,0,4,1
37,0,397,7,4,1,30,3,3,3,13664,25258,4,13,3,1,0,16,3,4,5,2,0,2,FALSE,TRUE,TRUE,FALSE,FALSE,FALSE,TRUE,FALSE,FALSE,TRUE,FALSE,FALSE,FALSE,FALSE,TRUE,FALSE,FALSE,FALSE,FALSE,TRUE,FALSE,0.117647059,12,0
46,0,945,5,2,2,80,3,2,2,5021,10425,8,22,4,4,1,16,2,3,4,2,0,2,FALSE,TRUE,FALSE,FALSE,FALSE,FALSE,TRUE,FALSE,FALSE,TRUE,TRUE,FALSE,FALSE,FALSE,FALSE,FALSE,FALSE,FALSE,FALSE,FALSE,TRUE,0.117647059,6,2
30,0,852,1,1,4,55,2,2,4,5126,15998,1,12,3,3,2,10,1,2,10,8,3,0,FALSE,TRUE,TRUE,FALSE,TRUE,FALSE,FALSE,FALSE,FALSE,TRUE,FALSE,TRUE,FALSE,FALSE,FALSE,FALSE,FALSE,FALSE,TRUE,FALSE,TRUE,0.727272727,8,4
35,0,1214,1,3,2,30,2,1,3,2859,26278,1,18,3,1,0,6,3,3,6,4,0,4,FALSE,TRUE,TRUE,FALSE,FALSE,FALSE,TRUE,FALSE,FALSE,TRUE,FALSE,FALSE,FALSE,FALSE,FALSE,TRUE,FALSE,FALSE,FALSE,TRUE,FALSE,0.571428571,9,0
55,0,111,1,2,1,70,3,3,4,10239,18092,3,14,3,4,1,24,4,3,1,0,1,0,FALSE,TRUE,FALSE,TRUE,TRUE,FALSE,FALSE,FALSE,FALSE,TRUE,FALSE,FALSE,FALSE,FALSE,FALSE,FALSE,TRUE,FALSE,TRUE,FALSE,FALSE,0,12,0
38,0,573,6,3,2,79,1,2,4,5329,15717,7,12,3,4,3,17,3,3,13,11,1,9,FALSE,FALSE,TRUE,FALSE,FALSE,FALSE,TRUE,FALSE,FALSE,FALSE,FALSE,FALSE,FALSE,FALSE,FALSE,TRUE,FALSE,FALSE,FALSE,FALSE,TRUE,0.611111111,12,4
34,0,1153,1,2,1,94,3,2,2,4325,17736,1,15,3,3,0,5,2,3,5,2,1,3,FALSE,TRUE,TRUE,FALSE,FALSE,FALSE,TRUE,FALSE,FALSE,TRUE,FALSE,FALSE,FALSE,TRUE,FALSE,FALSE,FALSE,FALSE,TRUE,FALSE,FALSE,0.333333333,6,0
56,0,1400,7,3,4,49,1,3,4,7260,21698,4,11,3,1,0,37,3,2,6,4,0,2,FALSE,TRUE,TRUE,FALSE,TRUE,FALSE,FALSE,FALSE,FALSE,TRUE,FALSE,FALSE,FALSE,TRUE,FALSE,FALSE,FALSE,FALSE,FALSE,TRUE,FALSE,0.105263158,8,0
23,0,541,2,1,3,62,3,1,1,2322,9518,3,13,3,3,1,3,3,3,0,0,0,0,FALSE,TRUE,FALSE,TRUE,FALSE,FALSE,FALSE,FALSE,TRUE,TRUE,FALSE,FALSE,FALSE,FALSE,FALSE,FALSE,FALSE,TRUE,FALSE,FALSE,FALSE,0,3,0
51,0,432,9,4,4,96,3,1,4,2075,18725,3,23,4,2,2,10,4,3,4,2,0,3,FALSE,TRUE,TRUE,FALSE,TRUE,FALSE,FALSE,FALSE,FALSE,TRUE,FALSE,TRUE,FALSE,FALSE,FALSE,FALSE,FALSE,FALSE,TRUE,FALSE,FALSE,0.181818182,12,0
30,0,288,2,3,3,99,2,2,4,4152,15830,1,19,3,1,3,11,3,3,11,10,10,8,FALSE,TRUE,TRUE,FALSE,TRUE,FALSE,FALSE,FALSE,FALSE,TRUE,FALSE,FALSE,FALSE,FALSE,FALSE,FALSE,FALSE,FALSE,TRUE,FALSE,FALSE,0.833333333,12,0
46,1,669,9,2,3,64,2,3,4,9619,13596,1,16,3,4,0,9,3,3,9,8,4,7,FALSE,TRUE,FALSE,TRUE,FALSE,FALSE,TRUE,FALSE,FALSE,TRUE,FALSE,FALSE,FALSE,FALSE,FALSE,FALSE,TRUE,FALSE,FALSE,TRUE,FALSE,0.8,12,0
40,0,530,1,4,3,78,2,4,2,13503,14115,1,22,4,4,1,22,3,2,22,3,11,11,TRUE,FALSE,TRUE,FALSE,TRUE,FALSE,FALSE,FALSE,FALSE,TRUE,FALSE,FALSE,FALSE,FALSE,FALSE,FALSE,FALSE,FALSE,TRUE,FALSE,FALSE,0.130434783,4,0
51,0,632,21,4,3,71,3,2,4,5441,8423,0,22,4,4,0,11,2,1,10,7,1,0,FALSE,TRUE,FALSE,TRUE,FALSE,TRUE,FALSE,FALSE,FALSE,TRUE,FALSE,FALSE,FALSE,FALSE,FALSE,FALSE,TRUE,FALSE,FALSE,TRUE,TRUE,0.583333333,4,4
30,0,1334,4,2,3,63,2,2,2,5209,19760,1,12,3,2,3,11,4,2,11,8,2,7,FALSE,TRUE,FALSE,TRUE,FALSE,FALSE,TRUE,FALSE,FALSE,FALSE,FALSE,FALSE,FALSE,FALSE,FALSE,FALSE,TRUE,FALSE,FALSE,FALSE,TRUE,0.666666667,4,2
46,0,638,1,3,3,40,2,3,1,10673,3142,2,13,3,3,1,21,5,2,10,9,9,5,TRUE,FALSE,TRUE,FALSE,FALSE,FALSE,TRUE,FALSE,FALSE,TRUE,FALSE,FALSE,FALSE,FALSE,FALSE,FALSE,FALSE,FALSE,TRUE,FALSE,TRUE,0.409090909,2,1
32,0,1093,6,4,2,87,3,2,3,5010,24301,1,16,3,1,0,12,0,3,11,8,5,7,FALSE,TRUE,FALSE,TRUE,FALSE,FALSE,TRUE,FALSE,FALSE,TRUE,FALSE,FALSE,FALSE,FALSE,FALSE,FALSE,TRUE,FALSE,FALSE,TRUE,FALSE,0.615384615,9,0
54,0,1217,2,4,1,60,3,3,3,13549,24001,9,12,3,1,1,16,5,1,4,3,0,3,FALSE,TRUE,TRUE,FALSE,FALSE,FALSE,FALSE,FALSE,TRUE,FALSE,FALSE,FALSE,FALSE,FALSE,TRUE,FALSE,FALSE,FALSE,TRUE,FALSE,FALSE,0.176470588,3,0
24,0,1353,3,2,1,33,3,2,3,4999,17519,0,21,4,1,1,4,2,2,3,2,0,2,FALSE,TRUE,FALSE,TRUE,FALSE,FALSE,FALSE,TRUE,FALSE,FALSE,FALSE,FALSE,FALSE,FALSE,FALSE,FALSE,TRUE,FALSE,TRUE,FALSE,FALSE,0.4,6,0
28,0,120,4,3,2,43,3,2,3,4221,8863,1,15,3,2,0,5,3,4,5,4,0,4,FALSE,FALSE,FALSE,TRUE,FALSE,FALSE,TRUE,FALSE,FALSE,TRUE,FALSE,FALSE,FALSE,FALSE,FALSE,FALSE,TRUE,FALSE,TRUE,FALSE,FALSE,0.666666667,12,0
58,0,682,10,4,4,37,3,4,3,13872,24409,0,13,3,3,0,38,1,2,37,10,1,8,FALSE,TRUE,FALSE,TRUE,FALSE,FALSE,TRUE,FALSE,FALSE,TRUE,FALSE,FALSE,FALSE,FALSE,FALSE,FALSE,TRUE,FALSE,FALSE,TRUE,FALSE,0.256410256,6,0
